park_placekey,park_name,CITY,LATITUDE,LONGITUDE,area_m2,venues,median_weekly_visits,miles_to_nearest_site,share_amenity,share_booked,share_not_parklike,suspect,screen_1_any_park,screen_2_not_nonpark,screen_3_amenities,kept_by_name,pre_2024,post_2024,pre_2025,post_2025,pct_2024,pct_2025,excess
zzy-222@5z6-3h2-7nq,Columbia Park,Torrance,33.8605,-118.3473,222999.0,2,304.0,8.89,0.5,0.0,0.5,False,True,False,True,False,389.0,920.5,1037.0,82.0,136.6324,-92.0926,-228.725
236-225@5z6-43d-rtv,Bixby Park,Long Beach,33.7668,-118.1669,72184.0,3,15638.5,8.45,0.6667,0.0,1.0,False,True,False,True,False,9052.5,13091.0,9983.0,10446.0,44.612,4.6379,-39.9741
zzz-222@5z5-3qw-cyv,Exposition Park,Los Angeles,34.016,-118.2864,211930.0,26,50193.0,2.5,0.6538,0.0,0.1538,False,True,True,True,False,47936.75,51703.25,47911.75,43820.75,7.8572,-8.5386,-16.3958
222-224@5z5-3rb-3dv,Hancock Park,Los Angeles,34.064,-118.3569,93505.0,11,28965.5,4.89,0.8182,0.0,0.2727,False,True,True,True,False,36599.0,38769.0,35752.75,32175.25,5.9291,-10.0062,-15.9353
zzz-222@5z4-vqg-pgk,Veterans Historical Plaza,Santa Clarita,34.3711,-118.5265,711707.0,9,647.5,8.86,0.6667,0.0,0.2222,False,True,True,True,False,1143.0,1190.0,1703.0,1515.25,4.112,-11.0247,-15.1366
zzy-222@5z4-z75-vpv,Will Rogers State Historic Park,Los Angeles,34.055,-118.5126,760311.0,6,32707.0,9.68,0.5,0.0,0.5,False,True,False,True,False,37173.5,40983.5,33886.0,33125.0,10.2492,-2.2458,-12.495
zzy-222@5z5-3pp-fvf,Griffith Park,Los Angeles,34.1365,-118.2942,17358043.0,42,113219.5,5.46,0.381,0.1667,0.0952,False,True,True,True,True,108518.0,135564.25,110042.25,126243.25,24.9233,14.7225,-10.2008
zzz-222@5z4-zfc-3bk,Sepulveda Basin Recreation Area,Los Angeles,34.1782,-118.4884,6226748.0,8,40004.0,7.52,0.25,0.5,0.25,False,True,True,True,True,46321.0,48873.0,49710.0,48084.5,5.5094,-3.27,-8.7793
zzz-222@5z4-zvr-zs5,La Cienega Park,Beverly Hills,34.0606,-118.3755,68311.0,2,1073.0,5.04,1.0,0.0,0.0,False,True,True,True,False,2134.5,1271.75,2217.0,1166.0,-40.4193,-47.4064,-6.9871
zzz-222@5z5-357-vj9,Brookside Park,Pasadena,34.1535,-118.1651,374208.0,4,1346.0,5.95,1.0,0.0,0.0,False,True,True,True,False,1344.5,1385.75,1370.0,1338.25,3.0681,-2.3175,-5.3856
zzz-222@5z5-3jm-5zz,Bicknell Park,Montebello,34.0289,-118.1309,30782.0,3,2720.0,5.5,0.6667,0.0,0.6667,False,True,False,True,False,2913.5,3438.5,3092.5,3520.75,18.0196,13.848,-4.1715
zzz-222@5z5-3rb-zcq,Pan Pacific Park,Los Angeles,34.0732,-118.3546,130217.0,5,12038.5,4.87,0.6,0.0,0.2,False,True,True,True,False,13428.5,13067.0,13918.0,13041.0,-2.692,-6.3012,-3.6092
zzz-222@5z4-vsj-35z,Hansen Dam Recreation Area,Los Angeles,34.2707,-118.3902,5826863.0,9,15285.5,2.02,0.6667,0.1111,0.1111,False,True,True,True,False,12028.0,11609.25,12980.75,12244.75,-3.4815,-5.6699,-2.1885
zzz-222@5z6-3ys-vmk,Point Vicente Interpretive Center,Rancho Palos Verdes,33.7448,-118.4114,107742.0,2,1390.0,16.33,1.0,0.0,0.0,False,True,True,True,False,1578.75,1728.75,1417.75,1537.25,9.5012,8.4288,-1.0723
zzw-222@5z4-zfs-3yv,Weddington Park South,Los Angeles,34.1411,-118.3636,97806.0,3,1616.0,7.87,1.0,0.0,0.3333,False,True,True,True,False,1814.25,1685.0,2068.75,1914.0,-7.1242,-7.4804,-0.3562
zzz-222@5z4-zbb-p35,Paramount Ranch,Agoura Hills,34.1201,-118.7586,2121534.0,10,6624.5,21.8,0.7,0.0,0.0,False,True,True,True,False,6480.0,7057.0,6638.5,7247.75,8.9043,9.1775,0.2732
zzy-226@5z6-3ch-fmk,Lincoln Park,Long Beach,33.7678,-118.1945,22827.0,2,3456.0,8.34,1.0,0.0,0.0,False,True,True,True,False,4523.25,4554.0,4359.75,4421.75,0.6798,1.4221,0.7423
zzw-223@5z5-3r3-g49,Plummer Park,West Hollywood,34.0925,-118.3512,34317.0,4,699.0,5.18,0.5,0.0,0.5,False,True,False,True,False,6140.0,6141.25,6200.5,6265.75,0.0204,1.0523,1.032
zzy-224@5z5-3rk-f9f,Civic Center Mall,Los Angeles,34.0562,-118.2466,37726.0,2,3771.0,1.46,0.5,0.0,0.0,False,True,True,True,False,4372.0,4111.0,4149.5,3953.5,-5.9698,-4.7235,1.2463
zzz-222@5z6-3df-75z,Angels Gate Park,San Pedro,33.7103,-118.2945,288462.0,4,2519.0,13.8,0.75,0.0,0.25,False,True,True,True,False,1323.0,965.75,1487.75,1106.0,-27.003,-25.6596,1.3435
zzz-222@5z4-zw6-fmk,West Hollywood Park,West Hollywood,34.0835,-118.3848,29891.0,3,3673.0,6.68,0.6667,0.0,0.3333,False,True,True,True,False,4125.75,4094.25,3993.0,4120.25,-0.7635,3.1868,3.9503
zzz-222@5z5-3kg-35z,Whittier Narrows Recreation Area,Pico Rivera,34.0438,-118.0586,544065.0,2,2448.5,5.45,1.0,0.0,0.0,False,True,True,True,False,2586.25,2492.75,3034.25,3114.25,-3.6153,2.6366,6.2518
zzy-222@5z4-zfk-jvz,Libbit Park,Encino,34.1618,-118.4887,110882.0,2,1906.0,8.54,1.0,0.0,0.5,False,True,False,True,False,1987.0,1861.75,2066.25,2075.5,-6.3035,0.4477,6.7511
zzz-222@5z5-34k-zfz,Huntington Library And Botanical Gardens,San Marino,34.1261,-118.1154,836430.0,10,6029.0,6.91,0.9,0.0,0.0,False,True,True,True,False,8074.5,7117.5,7835.0,7635.25,-11.8521,-2.5495,9.3027
zzz-222@5z6-3kw-4sq,Apollo Park,Downey,33.9274,-118.1539,66088.0,2,1566.5,3.25,1.0,0.0,0.5,False,True,False,True,False,1728.75,1978.0,1852.75,2352.5,14.4179,26.9734,12.5555
zzy-222@5z5-393-cnq,Descanso Gardens,Glendale,34.1998,-118.2127,601721.0,5,2677.5,8.11,0.8,0.0,0.0,False,True,True,True,False,3216.75,2739.75,2918.25,2866.75,-14.8286,-1.7648,13.0639
zzz-222@5z4-xcd-6x5,Lancaster Park,Lancaster,34.665,-118.1504,257541.0,3,1079.5,31.24,0.6667,0.0,1.0,False,True,False,True,False,1398.0,1177.0,1302.0,1285.5,-15.8083,-1.2673,14.541
zzz-222@5z4-xt6-wtv,Joe Davies Heritage Airpark,Palmdale,34.603,-118.0871,32430.0,3,1143.5,29.82,1.0,0.0,0.0,False,True,True,True,False,1685.5,1688.5,1486.0,1706.5,0.178,14.8385,14.6605
zzy-222@5z4-zx2-54v,Palisades Park,Santa Monica,34.023,-118.5095,163448.0,1,52.0,8.67,1.0,0.0,0.0,False,False,False,False,False,39.0,69.0,30.0,23.0,76.9231,-23.3333,-100.2564
zzy-222@5z4-rq2-3kf,Ganesha Park,Pomona,34.0742,-117.7616,227810.0,1,17.0,18.11,0.0,0.0,1.0,False,False,False,False,False,13.0,26.0,12.0,12.0,100.0,0.0,-100.0
zzz-222@5z4-zd9-dvz,Larry Maxam Park,Burbank,34.189,-118.3524,20947.0,1,66.0,7.19,0.0,0.0,1.0,False,False,False,False,False,30.3333,38.0,107.0,52.75,25.2747,-50.7009,-75.9757
zzy-222@5z6-3cd-qmk,Willow Springs Park (Undeveloped),Long Beach,33.8086,-118.1785,177756.0,1,1300.0,5.51,0.0,0.0,0.0,False,False,False,False,False,1069.5,1241.0,2909.5,1276.75,16.0355,-56.1179,-72.1534
zzz-222@5z5-3nf-4vz,Worsham Canyon Open Space,Whittier,33.9807,-118.0176,1327199.0,1,225.0,2.11,0.0,0.0,0.0,False,False,False,False,False,221.0,310.5,420.0,333.5,40.4977,-20.5952,-61.093
zzz-222@5z5-3sh-qfz,Encanto Park,Duarte,34.1441,-117.9377,43192.0,1,51.0,13.91,1.0,0.0,0.0,False,False,False,False,False,107.25,135.75,83.0,58.5,26.5734,-29.5181,-56.0915
zzz-222@5z6-3qq-g6k,Salt Lake Park,Huntington Park,33.9742,-118.2064,121873.0,1,73.0,1.11,1.0,0.0,0.0,False,False,False,False,False,25.75,25.25,44.5,20.25,-1.9417,-54.4944,-52.5526
zzy-222@5z4-vbr-649,Castaic Lake State Recreation Area,Castaic,34.5517,-118.6135,11423867.0,10,7574.0,22.0,0.0,0.0,1.0,False,True,False,False,False,18647.75,24558.25,19843.5,19506.5,31.6955,-1.6983,-33.3938
zzz-222@5z4-zws-8sq,El Segundo Dunes Esha,Los Angeles,33.947,-118.4376,1272725.0,4,179.0,5.1,0.5,0.0,0.0,False,False,False,False,False,325.0,389.0,414.25,359.75,19.6923,-13.1563,-32.8486
zzz-222@5z4-zfy-nyv,Franklin Canyon Park,Beverly Hills,34.1031,-118.4132,2455973.0,1,192.5,8.41,0.0,0.0,1.0,False,False,False,False,False,214.0,347.75,225.0,292.25,62.5,29.8889,-32.6111
zzz-222@5z6-3gt-rc5,Mcmaster Park,Torrance,33.872,-118.3365,26175.0,1,135.5,8.19,1.0,0.0,0.0,False,False,False,False,False,110.25,136.25,118.25,108.25,23.5828,-8.4567,-32.0394
zzz-222@5z5-3nz-tjv,Barnsdall Park,Los Angeles,34.1004,-118.2944,59049.0,6,1497.5,3.32,0.3333,0.0,0.1667,False,True,True,False,False,3514.25,3387.0,2950.0,1942.75,-3.621,-34.1441,-30.5231
zzz-222@5z6-3gs-47q,Polliwog Park,Manhattan Beach,33.8882,-118.3846,68299.0,2,43.5,7.02,1.0,0.0,0.0,False,False,False,False,False,32.5,38.0,73.75,64.0,16.9231,-13.2203,-30.1434
zzz-222@5z6-3rt-mc5,Hawthorne Memorial Park,Hawthorne,33.9172,-118.3416,54583.0,1,174.5,5.08,0.0,0.0,0.0,False,False,False,False,False,188.0,209.5,100.5,82.0,11.4362,-18.408,-29.8441
zzz-222@5z6-43f-pqf,Marine Park Mother's Beach,Long Beach,33.7589,-118.1207,37655.0,2,6389.5,9.67,0.0,0.0,1.0,False,True,False,False,False,8829.0,14468.75,10522.0,14297.75,63.8776,35.8843,-27.9932
zzz-222@5z6-3kz-q75,T Mayne Thompson Park And Bellflower Aquatic Center,Bellflower,33.9046,-118.1267,52092.0,1,1644.0,3.55,1.0,0.0,0.0,False,False,False,False,False,907.75,1165.25,1003.25,1043.5,28.3668,4.012,-24.3549
zzy-222@5z4-zwm-qxq,Marina Beach,Marina Del Rey,33.9811,-118.4589,39149.0,1,3162.0,5.46,0.0,0.0,1.0,False,False,False,False,False,4549.0,5072.5,5303.75,4685.5,11.508,-11.6568,-23.1649
222-226@5z4-z4d-yd9,Topanga State Park,Los Angeles,34.103,-118.5838,46472462.0,7,831.5,14.87,0.2857,0.0,0.0,False,True,True,False,False,519.75,626.5,562.75,561.0,20.5387,-0.311,-20.8497
zzz-222@5z4-zws-yn5,Dockweiler State Beach,El Segundo,33.9391,-118.4402,1054745.0,5,70114.5,5.54,0.2,0.4,0.2,False,True,True,False,False,87254.0,115046.0,107836.5,120807.25,31.8518,12.0282,-19.8237
zzz-222@5z4-zd9-tn5,Ralph Foy Park,Burbank,34.1861,-118.3457,48174.0,1,421.5,7.57,1.0,0.0,0.0,False,False,False,False,False,1634.0,1912.25,2054.0,2004.75,17.0288,-2.3978,-19.4265
zzz-222@5z4-vsd-2zf,El Cariso Regional County Park And Golf Course,Los Angeles,34.3147,-118.4139,662098.0,3,18340.0,2.9,0.3333,0.3333,0.0,False,True,True,False,False,22438.75,19993.0,30735.25,21598.75,-10.8997,-29.7265,-18.8268
zzz-222@5z4-zdm-jy9,Strathern Park - North,North Hollywood,34.2168,-118.4064,51540.0,1,1497.0,4.08,0.0,0.0,0.0,False,False,False,False,False,218.0,168.5,382.25,224.75,-22.7064,-41.2034,-18.497
zzz-222@5z6-3gt-6hq,Alondra Park,Alondra Park,33.8862,-118.342,219175.0,1,194.0,7.17,0.0,1.0,0.0,False,False,False,False,False,382.75,401.5,393.5,342.25,4.8988,-13.0241,-17.9229
zzy-222@5z4-zw2-qxq,Beverly Hills Sign,Beverly Hills,34.0724,-118.4035,30902.0,9,18238.0,6.23,0.3333,0.0,0.0,True,False,False,False,False,7579.75,8367.25,6220.5,5777.5,10.3895,-7.1216,-17.5111
zzz-222@5z5-3mh-gp9,John Anson Ford Park,Bell Gardens,33.9586,-118.1506,68232.0,1,2609.5,4.2,0.0,0.0,0.0,False,False,False,False,False,14586.5,16315.5,16384.0,15501.75,11.8534,-5.3848,-17.2383
zzz-222@5z6-3bj-4jv,Ken Malloy Harbor Regional Park,Los Angeles,33.7835,-118.2949,1176949.0,1,3013.5,9.58,0.0,1.0,0.0,False,False,False,False,False,4280.25,4605.75,4499.0,4147.0,7.6047,-7.824,-15.4287
zzz-222@5z4-zcr-zzz,Van Nuys Golf Course,Los Angeles,34.1903,-118.4887,227857.0,1,4921.0,6.81,0.0,1.0,0.0,False,False,False,False,False,5237.75,5631.75,5484.75,5115.0,7.5223,-6.7414,-14.2637
224-222@5z6-3rx-gzf,Maggie Hathaway Golf Course,Los Angeles,33.948,-118.3129,55036.0,1,1425.0,4.04,0.0,1.0,0.0,False,False,False,False,False,4502.0,4479.25,4502.75,3877.75,-0.5053,-13.8804,-13.3751
zzz-222@5z5-3vt-5zz,Morgan Park,Baldwin Park,34.0868,-117.9637,40085.0,1,954.5,9.72,0.0,0.0,1.0,False,False,False,False,False,951.75,1227.25,1033.0,1197.75,28.9467,15.9487,-12.998
zzz-222@5z4-vv8-tgk,South Fork River Trail Open Space,Santa Clarita,34.3995,-118.5396,737254.0,1,383.5,10.87,0.0,0.0,0.0,False,False,False,False,False,338.0,326.0,432.25,362.25,-3.5503,-16.1943,-12.644
zzz-222@5z5-3vc-7qz,Avocado Heights Park,Avocado Heights,34.0358,-117.9881,31574.0,1,99.0,6.0,1.0,0.0,0.0,False,False,False,False,False,91.0,101.5,94.75,93.75,11.5385,-1.0554,-12.5939
zzz-222@5z4-ztz-yqf,Penmar Golf Course,Los Angeles,34.006,-118.4614,213277.0,1,3486.0,5.72,0.0,1.0,0.0,False,False,False,False,False,4526.0,5057.0,4937.25,4900.25,11.7322,-0.7494,-12.4816
zzz-222@5z4-zgj-3bk,Chatsworth Park South,Chatsworth,34.2603,-118.6179,295730.0,2,170.0,11.04,1.0,0.0,0.0,False,False,False,False,False,185.25,180.5,237.0,201.75,-2.5641,-14.8734,-12.3093
zzw-222@5z4-zb8-xh5,Malibu Creek State Park,Agoura Hills,34.0877,-118.7302,4118235.0,1,37077.0,21.66,1.0,0.0,0.0,False,False,False,False,False,38295.5,44850.75,39385.25,41292.5,17.1175,4.8425,-12.275
zzz-222@5z5-3rn-wff,Los Angeles River Center and Gardens,Los Angeles,34.0852,-118.2249,27064.0,1,38.0,0.18,0.0,0.0,0.0,False,False,False,False,False,52.25,63.25,59.25,64.5,21.0526,8.8608,-12.1919
zzz-222@5z6-3jk-gkz,Redondo Beach Pier,Redondo Beach,33.8407,-118.3909,46840.0,12,8939.5,10.32,0.6667,0.0,0.0833,True,False,False,False,False,8346.0,9382.5,7972.75,8002.0,12.4191,0.3669,-12.0522
zzz-222@5z5-3vx-jy9,Cortez Park,West Covina,34.0662,-117.8918,75498.0,1,61.0,11.4,0.0,0.0,0.0,False,False,False,False,False,52.0,53.75,47.25,44.0,3.3654,-6.8783,-10.2437
zzw-222@5z4-n3n-wzf,Claremont Hills Wilderness Park,Claremont,34.1575,-117.7221,8451977.0,1,1704.0,22.96,0.0,0.0,1.0,False,False,False,False,False,2349.0,1660.75,2740.5,1662.5,-29.2997,-39.3359,-10.0362
zzz-222@5z6-3bx-hkf,Torrance Park,Torrance,33.8222,-118.3175,33193.0,1,2487.0,8.85,0.0,0.0,1.0,False,False,False,False,False,2823.75,2890.75,3327.25,3080.25,2.3727,-7.4235,-9.7963
zzz-222@5z6-3qk-9mk,South Gate Park,South Gate,33.9451,-118.1852,336601.0,3,2294.5,3.46,0.0,0.3333,0.0,False,True,True,False,False,3863.0,3821.75,3951.25,3536.5,-1.0678,-10.4967,-9.4289
zzw-222@5z6-3cj-jn5,Shoreline Marina,Long Beach,33.757,-118.1879,424406.0,3,4987.5,9.06,0.0,0.0,0.3333,False,True,True,False,False,8941.25,9478.0,9222.25,8917.5,6.0031,-3.3045,-9.3076
zzz-222@5z5-3n4-py9,Whittier Greenway Trail,Whittier,33.9673,-118.0411,140527.0,2,2382.5,0.5,0.0,0.0,0.0,False,True,True,False,False,2873.25,2988.75,2741.5,2601.25,4.0198,-5.1158,-9.1357
zzz-222@5z6-3cj-5mk,Aquarium-Pierpoint Landing,Long Beach,33.7627,-118.1937,54673.0,15,43301.0,8.68,0.75,0.0,0.125,True,False,False,False,False,46004.25,59654.0,47123.75,57400.5,29.6706,21.808,-7.8626
zzz-222@5z5-3rm-73q,Lincoln Park,Los Angeles,34.0666,-118.2008,173243.0,1,200.0,1.75,0.0,0.0,1.0,False,False,False,False,False,269.75,262.75,287.0,257.0,-2.595,-10.453,-7.858
274-224@5z5-3qv-kmk,South Bowl,Los Angeles,34.0224,-118.2851,30902.0,1,320448.5,2.23,0.0,0.0,0.0,True,False,False,False,False,269465.25,265377.5,285831.5,259336.0,-1.517,-9.2696,-7.7526
zzz-222@5z5-3js-n89,Ashiya Park,Montebello,34.0226,-118.1316,32065.0,2,304.0,5.26,0.0,0.0,0.0,False,False,False,False,False,309.0,322.75,322.5,312.75,4.4498,-3.0233,-7.4731
zzz-222@5z4-vv7-dgk,Santa Clarita Park,Santa Clarita,34.4466,-118.5356,28986.0,1,268.0,13.5,0.0,0.0,1.0,False,False,False,False,False,347.5,335.5,367.0,327.5,-3.4532,-10.7629,-7.3097
zzz-222@5z5-3rk-435,Los Angeles State Historic Park,Los Angeles,34.068,-118.2324,134066.0,1,80.0,1.12,1.0,0.0,0.0,False,False,False,False,False,91.0,108.0,92.0,102.5,18.6813,11.413,-7.2683
zzy-222@5z6-43h-sbk,Recreation Park,Long Beach,33.779,-118.1341,926852.0,4,13011.5,8.09,0.0,1.0,0.0,False,True,True,False,False,14202.5,14155.5,15445.5,14313.0,-0.3309,-7.3322,-7.0013
zzz-222@5z6-3cj-cwk,Golden Shore Marine Biological Reserve Park,Long Beach,33.7633,-118.2026,37511.0,1,749.5,8.68,0.0,0.0,1.0,False,False,False,False,False,2190.0,2271.0,2232.0,2166.0,3.6986,-2.957,-6.6556
zzz-222@5z4-zcq-yn5,Mid-Valley Regional Library Park Grounds,Los Angeles,34.2347,-118.487,27506.0,2,776.0,4.44,1.0,0.0,0.5,False,True,False,False,False,773.25,792.75,811.0,777.5,2.5218,-4.1307,-6.6525
zzz-222@5z6-3gy-swk,Dominguez Park,Redondo Beach,33.8567,-118.3767,92375.0,3,532.5,9.12,1.0,0.0,0.0,False,True,True,False,False,591.25,608.0,604.0,581.5,2.833,-3.7252,-6.5581
zzz-222@5z6-3kk-rtv,Artesia Park,Artesia,33.8599,-118.0782,59850.0,1,85.0,6.44,1.0,0.0,0.0,False,False,False,False,False,142.75,107.75,157.0,108.25,-24.5184,-31.051,-6.5326
zzz-222@5z6-3rk-6x5,Rosecrans Recreation Center,Gardena,33.8964,-118.2905,42680.0,1,821.0,6.06,1.0,0.0,0.0,False,False,False,False,False,2301.25,2181.0,2492.0,2201.5,-5.2254,-11.6573,-6.4319
zzz-222@5z4-zwk-g6k,Burton W Chace Park,Marina Del Rey,33.9766,-118.4457,29833.0,1,3190.0,4.76,0.0,0.0,1.0,False,False,False,False,False,3903.75,5810.0,3790.25,5399.0,48.8313,42.4444,-6.3868
zzz-222@5z4-rnj-yqf,Washington Park,Pomona,34.0484,-117.7383,88741.0,1,861.5,18.72,1.0,0.0,0.0,False,False,False,False,False,861.5,757.0,1006.5,827.0,-12.13,-17.8341,-5.7041
zzz-222@5z6-3bn-89z,Banning Park,Wilmington,33.7906,-118.2566,85341.0,2,286.5,7.89,1.0,0.0,0.0,False,False,False,False,False,380.0,360.75,399.5,356.5,-5.0658,-10.7635,-5.6977
zzz-222@5z5-3mt-mp9,Belvedere Park Lake,East Los Angeles,34.0348,-118.1585,72667.0,1,516.0,4.18,1.0,0.0,0.0,False,False,False,False,False,458.25,466.0,452.75,435.25,1.6912,-3.8653,-5.5565
zzy-224@5z6-3hb-3qz,Maluaka Beach Maui,Los Angeles,33.9409,-118.4067,93389.0,31,444410.5,4.09,0.6389,0.0278,0.1111,True,False,False,False,False,479077.75,601050.5,419546.0,503458.5,25.4599,20.0008,-5.4591
zzz-222@5z5-3t2-whq,Recreation Park,Monrovia,34.146,-117.9885,76160.0,2,547.5,12.96,1.0,0.0,0.0,False,True,True,False,False,754.25,839.0,767.0,812.5,11.2363,5.9322,-5.3041
zzz-222@5z6-3py-ckf,Helen Keller Park,West Athens,33.9179,-118.2927,28245.0,1,124.0,6.36,0.0,0.0,0.0,False,False,False,False,False,273.0,259.75,299.0,268.75,-4.8535,-10.1171,-5.2636
zzw-223@5z4-vrr-m8v,Granada Hills Park,Granada Hills,34.2636,-118.4966,71856.0,2,591.5,4.13,1.0,0.0,0.0,False,True,True,False,False,595.0,542.0,633.5,543.75,-8.9076,-14.1673,-5.2598
223-222@5z5-3mt-hqz,Belvedere Community Regional Park,East Los Angeles,34.0388,-118.1595,150022.0,1,167.0,4.19,0.0,0.0,0.0,False,False,False,False,False,315.25,310.25,319.75,298.0,-1.586,-6.8022,-5.2161
zzz-222@5z4-zvt-cwk,Kenneth Hahn State Recreation Area,Culver City,34.0075,-118.3641,1834659.0,5,1625.0,1.33,0.2,0.0,0.4,False,True,True,False,False,1780.75,1621.75,1886.0,1619.25,-8.9288,-14.1437,-5.2149
zzw-222@5z6-3n2-99f,Skylinks Golf Course,Long Beach,33.8177,-118.1365,609576.0,2,10299.5,5.62,0.0,1.0,0.0,False,True,True,False,False,11103.75,11612.5,11726.5,11671.75,4.5818,-0.4669,-5.0487
zzz-222@5z5-388-jqf,Mccambridge Park And Recreation Center,Burbank,34.1904,-118.3212,70232.0,2,679.0,8.28,1.0,0.0,0.0,False,True,True,False,False,741.0,731.25,745.75,698.75,-1.3158,-6.3024,-4.9866
zzz-222@5z4-zhm-brk,Northridge Recreation Center,Northridge,34.2532,-118.5354,97201.0,1,92.0,6.44,1.0,0.0,0.0,False,False,False,False,False,104.0,107.5,118.25,117.0,3.3654,-1.0571,-4.4225
zzz-222@5z6-3mm-wrk,Rio San Gabriel Park,Downey,33.931,-118.1093,67089.0,1,71.0,4.18,1.0,0.0,1.0,False,False,False,False,False,13.0,13.0,24.0,23.0,0.0,-4.1667,-4.1667
zzz-222@5z4-zw9-d35,Cheviot Hills Park,Los Angeles,34.0453,-118.4079,739008.0,2,28751.0,4.67,0.0,1.0,0.0,False,True,True,False,False,22766.5,24601.5,21795.25,22664.0,8.0601,3.986,-4.0741
zzy-222@5z6-3d5-ch5,Cabrillo Beach Marina And Recreation Complex,Los Angeles,33.7192,-118.2827,172786.0,6,7725.5,12.94,0.3333,0.0,0.3333,False,True,True,False,False,9607.0,10806.0,10200.5,11072.75,12.4805,8.5511,-3.9294
zzw-222@5z6-3d7-4sq,Martin J Bogdanovich Recreation Center,San Pedro,33.7303,-118.3199,54688.0,1,827.0,13.37,1.0,0.0,0.0,False,False,False,False,False,1260.5,1310.75,1329.0,1335.75,3.9865,0.5079,-3.4786
zzy-223@5z5-3pw-zmk,Lower Arroyo Park,Los Angeles,34.1348,-118.1671,427720.0,1,66.0,4.86,1.0,0.0,0.0,False,False,False,False,False,549.0,47.25,580.25,32.0,-91.3934,-94.4851,-3.0917
zzz-222@5z5-3jv-j5f,Streamland Park,Pico Rivera,34.0206,-118.0704,55662.0,1,68.0,4.0,0.0,0.0,0.0,False,False,False,False,False,77.75,79.0,80.0,79.0,1.6077,-1.25,-2.8577
zzz-222@5z4-zqz-t35,Zuma County Beach,Malibu,34.0218,-118.8312,481114.0,10,19362.0,26.86,0.0,0.0,1.0,False,True,False,False,False,20368.5,21715.25,23111.75,23988.0,6.6119,3.7914,-2.8206
zzz-222@5z4-z6y-btv,Temescal Gateway Park,Los Angeles,34.056,-118.5264,668020.0,3,2794.5,10.41,0.0,0.0,1.0,False,True,False,False,False,6701.5,7404.5,6807.0,7330.5,10.4902,7.6906,-2.7996
zzz-222@5z6-3n5-8jv,Heartwell Park,Long Beach,33.8309,-118.1121,652235.0,5,7221.0,5.77,0.2,0.8,0.0,False,True,True,False,False,7062.25,7185.75,6703.25,6641.75,1.7487,-0.9175,-2.6662
zzw-222@5z5-35f-fcq,Los Angeles County Arboretum And Botanic Garden,Arcadia,34.1431,-118.0527,488463.0,2,358.0,10.67,1.0,0.0,0.5,False,False,False,False,False,314.75,427.25,349.0,464.75,35.7427,33.1662,-2.5765
zzz-223@5z6-3cj-cwk,Golden Shore Rv Park,Long Beach,33.7654,-118.2037,21129.0,2,30002.5,8.55,0.0,0.5,0.0,False,True,True,False,False,38504.0,38778.0,42132.25,41383.25,0.7116,-1.7777,-2.4893
zzw-222@5xq-47s-mc5,Charmlee Wilderness Park,Malibu,34.0535,-118.884,2205054.0,1,605.0,30.12,1.0,0.0,0.0,False,False,False,False,False,627.0,661.75,663.0,683.75,5.5423,3.1297,-2.4126
zzz-222@5z5-36m-y35,Deukmejian Wilderness Park,Glendale,34.2501,-118.2528,2959865.0,2,323.0,9.99,0.0,0.0,0.0,False,False,False,False,False,454.75,483.75,482.5,502.75,6.3771,4.1969,-2.1802
zzy-227@5z5-3v6-35z,Westfield Playtown,West Covina,34.0705,-117.9342,45186.0,108,340587.5,9.81,0.2328,0.0,0.0431,True,False,False,False,False,349660.75,359031.75,360845.75,363036.75,2.68,0.6072,-2.0728
zzz-222@5z4-vrj-j9z,Knollwood Golf Course,Los Angeles,34.2893,-118.499,609363.0,3,10687.0,4.34,0.3333,0.6667,0.0,False,True,True,False,False,11759.0,12218.0,12077.25,12308.5,3.9034,1.9148,-1.9886
zzz-222@5z4-zb6-9s5,Las Virgenes Reservoir And Open Space,Westlake Village,34.1285,-118.833,1968848.0,1,365.5,25.36,0.0,0.0,0.0,False,False,False,False,False,357.5,335.5,385.0,354.0,-6.1538,-8.0519,-1.8981
zzz-222@5z6-3h5-h3q,Recreation Park,El Segundo,33.9218,-118.4107,86888.0,1,472.0,5.32,1.0,0.0,0.0,False,False,False,False,False,600.75,588.75,612.5,590.25,-1.9975,-3.6327,-1.6351
zzz-222@5z5-3nf-nyv,Michigan Park,Whittier,33.9642,-118.0215,40360.0,1,563.0,1.6,0.0,1.0,0.0,False,False,False,False,False,681.5,660.0,671.75,639.75,-3.1548,-4.7637,-1.6089
zzz-222@5z5-3rn-zmk,Mount Olympus Park,Los Angeles,34.0848,-118.2104,36064.0,1,809.0,0.81,0.0,0.0,0.0,False,False,False,False,False,737.5,880.0,766.5,903.0,19.322,17.8082,-1.5138
zzz-222@5z6-3kg-s5z,Mae Boyar Park,Lakewood,33.8458,-118.1015,53266.0,1,460.0,5.63,1.0,0.0,0.0,False,False,False,False,False,448.5,443.75,467.75,456.0,-1.0591,-2.512,-1.4529
zzz-222@5z4-vps-fcq,Wilson Canyon Park,Los Angeles,34.3311,-118.4388,1238903.0,1,426.0,4.04,0.0,0.0,1.0,False,False,False,False,False,600.75,749.75,615.75,759.75,24.8023,23.3861,-1.4162
zzz-222@5z6-3mq-249,Heritage Park,Santa Fe Springs,33.9416,-118.0737,51875.0,1,29.0,2.15,1.0,0.0,0.0,False,False,False,False,False,26.0,25.25,24.0,23.0,-2.8846,-4.1667,-1.2821
zzz-222@5z4-zd2-jjv,Valley Plaza Park,Los Angeles,34.1919,-118.4009,301843.0,3,407.0,5.82,1.0,0.0,0.6667,False,False,False,False,False,426.0,364.25,447.0,376.5,-14.4953,-15.7718,-1.2765
zzz-222@5z5-36c-4n5,Tujunga-Angeles Forest Adjacent Open Space,Los Angeles,34.2773,-118.3066,795345.0,2,98.0,6.79,1.0,0.0,0.0,False,False,False,False,False,130.0,126.75,130.5,125.75,-2.5,-3.6398,-1.1398
zzz-222@5z4-vqd-nqz,Whitney Canyon Park,Santa Clarita,34.3652,-118.5003,1779199.0,16,8241.0,7.63,0.3125,0.0,0.0,False,True,True,False,False,8214.25,8227.5,8529.25,8451.0,0.1613,-0.9174,-1.0787
zzz-222@5z4-vhc-6rk,George Lane Park,Lancaster,34.6515,-118.2285,55307.0,1,221.5,28.41,0.0,0.0,0.0,False,False,False,False,False,402.75,377.0,423.0,391.5,-6.3935,-7.4468,-1.0533
222-222@5z4-vq3-djv,Veterans Memorial Park,Los Angeles,34.3269,-118.4169,390698.0,1,1179.5,3.7,0.0,1.0,0.0,False,False,False,False,False,1354.5,1478.0,1278.75,1382.25,9.1178,8.0938,-1.0239
zzy-222@5z6-3n9-nyv,El Dorado Park West,Long Beach,33.8021,-118.0962,1103246.0,3,8049.5,7.84,0.3333,0.6667,0.0,False,True,True,False,False,8971.75,9023.75,9373.5,9334.0,0.5796,-0.4214,-1.001
zzy-222@5z4-rgw-389,Hacienda Park,La Habra Heights,33.9568,-117.9586,43743.0,1,166.0,5.23,0.0,0.0,1.0,False,False,False,False,False,260.0,256.25,272.25,265.75,-1.4423,-2.3875,-0.9452
zzz-222@5z5-38b-2c5,Brand Canyon Open Space,Burbank,34.1949,-118.2705,2636862.0,1,96.5,8.19,0.0,0.0,0.0,False,False,False,False,False,864.5,855.5,875.75,859.25,-1.0411,-1.8841,-0.843
zzz-222@5z6-3dr-pjv,South Coast Botanic Garden,Rolling Hills Estates,33.7828,-118.3452,330825.0,1,344.0,11.71,0.0,0.0,0.0,False,False,False,False,False,341.25,326.0,364.0,345.0,-4.4689,-5.2198,-0.7509
zzz-222@5z4-zwg-nqz,Del Rey Lagoon,Los Angeles,33.9593,-118.4503,44479.0,1,125.0,5.34,0.0,0.0,0.0,False,False,False,False,False,178.5,177.25,189.5,187.0,-0.7003,-1.3193,-0.619
zzz-222@5z6-3m6-rhq,Cerritos Park East,Cerritos,33.8786,-118.0498,100066.0,2,300.0,5.99,1.0,0.0,0.0,False,False,False,False,False,383.5,399.25,420.5,435.25,4.1069,3.5077,-0.5992
zzz-222@5z5-3r8-249,John Anson Ford Amphitheatre And County Parkland,Los Angeles,34.1143,-118.3337,118540.0,1,1251.5,5.35,0.0,0.0,0.0,False,False,False,False,False,1237.75,1215.75,1275.75,1248.0,-1.7774,-2.1752,-0.3978
zzz-222@5z4-zwz-r8v,Memorial Park,Santa Monica,34.0212,-118.4804,41928.0,2,195.0,7.05,0.5,0.0,1.0,False,False,False,False,False,236.75,231.5,207.0,201.75,-2.2175,-2.5362,-0.3187
zzz-222@5z5-34m-sdv,Lacy Park,San Marino,34.1202,-118.1221,107735.0,2,121.5,6.39,0.5,0.0,0.0,False,True,True,False,False,545.75,29.3333,574.25,29.75,-94.6251,-94.8193,-0.1942
zzz-222@5z4-rnx-tqf,Sportsplex,San Dimas,34.0972,-117.8216,83993.0,1,320.0,15.91,0.0,0.0,0.0,False,False,False,False,False,767.0,740.75,784.25,757.0,-3.4224,-3.4747,-0.0522
zzz-222@5z6-3nf-7nq,Cherry Avenue Park,Long Beach,33.8393,-118.1689,41237.0,1,279.0,3.51,0.0,0.0,0.0,False,False,False,False,False,2196.25,2190.75,2255.5,2250.0,-0.2504,-0.2438,0.0066
zzz-222@5z6-3hg-zmk,Marine Avenue Park,Manhattan Beach,33.8949,-118.3843,30781.0,1,196.0,6.56,0.0,0.0,0.0,False,False,False,False,False,260.0,256.5,260.25,257.0,-1.3462,-1.2488,0.0974
zzw-222@5z4-zw8-v4v,Roxbury Park,Beverly Hills,34.0589,-118.4074,55756.0,2,2556.5,5.47,0.0,0.0,1.0,False,True,False,False,False,3011.75,2812.5,3062.25,2865.0,-6.6158,-6.4413,0.1744
zzz-222@5z4-vwx-r6k,Santa Clarita Woodlands Park,Stevenson Ranch,34.3477,-118.574,13148001.0,1,171.0,9.9,0.0,0.0,1.0,False,False,False,False,False,649.5,677.25,660.0,689.75,4.2725,4.5076,0.2351
zzz-222@5z5-37z-qmk,Wildwood Canyon Park,Burbank,34.2101,-118.2926,2373150.0,3,3363.0,8.76,0.3333,0.0,0.0,False,True,True,False,False,3329.75,3225.25,3397.75,3305.5,-3.1384,-2.715,0.4233
zzz-222@5z5-35r-nyv,Arcadia Community Regional Park,Arcadia,34.1376,-118.0345,205127.0,3,3868.5,11.5,0.0,0.6667,0.0,False,True,True,False,False,6386.5,6208.5,6434.0,6282.75,-2.7871,-2.3508,0.4363
zzy-222@5z5-393-f9f,San Rafael Mountains Open Space,Glendale,34.1946,-118.2162,3030173.0,2,362.5,7.74,0.0,0.0,0.0,False,True,True,False,False,1916.5,1855.75,1968.25,1920.0,-3.1698,-2.4514,0.7184
zzz-222@5z4-zfp-w49,Coldwater Canyon Park,Los Angeles,34.1291,-118.402,166571.0,1,193.5,8.99,0.0,0.0,1.0,False,False,False,False,False,952.25,934.75,979.75,969.75,-1.8378,-1.0207,0.8171
zzz-222@5z6-3sk-c3q,East Rancho Dominguez Park,East Rancho Dominguez,33.8948,-118.1927,22097.0,1,262.5,0.63,1.0,0.0,0.0,False,False,False,False,False,1003.75,1022.75,1032.75,1060.75,1.8929,2.7112,0.8183
zzz-222@5z4-vwt-85f,Rivendale Ranch Open Space,Santa Clarita,34.3669,-118.559,1447004.0,3,283.5,9.98,0.0,0.0,0.6667,False,True,False,False,False,1298.75,1591.75,1326.0,1636.5,22.5602,23.4163,0.8561
zzy-222@5z4-vvz-7h5,Mentryville,Stevenson Ranch,34.379,-118.6129,280360.0,7,2276.0,12.94,0.4286,0.2857,0.0,False,True,True,False,False,2273.75,2383.25,2320.25,2458.0,4.8158,5.9369,1.121
zzz-222@5z4-zdp-99f,Panorama City Recreation Center,Panorama City,34.2278,-118.4417,24285.0,1,181.0,3.31,0.0,1.0,0.0,False,False,False,False,False,529.25,477.0,500.0,456.25,-9.8725,-8.75,1.1225
zzz-222@5z5-356-2tv,Hahamongna Watershed Park,La Canada Flintridge,34.1948,-118.1752,1213269.0,2,5541.0,8.24,0.0,0.5,0.0,False,True,True,False,False,6793.0,6410.25,6888.25,6592.75,-5.6345,-4.2899,1.3446
zzz-222@5z4-zry-3t9,Cameron Nature Preserve,Malibu,34.0544,-118.7217,2845136.0,1,107.0,20.99,1.0,0.0,0.0,False,False,False,False,False,104.0,101.5,118.25,117.0,-2.4038,-1.0571,1.3468
zzz-222@5z4-ztr-w8v,Mar Vista Recreation Center,Los Angeles,34.0177,-118.4284,74892.0,1,53.0,4.21,0.0,0.0,0.0,False,False,False,False,False,29.25,28.5,41.25,40.75,-2.5641,-1.2121,1.352
zzz-223@5z5-3p6-kvf,Echo Park,Los Angeles,34.0733,-118.26,114951.0,1,592.0,1.38,0.0,0.0,0.0,False,False,False,False,False,678.5,860.5,680.5,873.75,26.8239,28.3982,1.5744
zzy-22c@5z5-3r8-cwk,Hollywood Walk of Fame,Los Angeles,34.102,-118.3449,30902.0,36,32195.5,5.24,0.1667,0.0833,0.1111,True,False,False,False,False,35806.5,34725.5,32762.0,32310.5,-3.019,-1.3781,1.6409
zzz-222@5z6-3gy-ndv,Clark Stadium,Hermosa Beach,33.8614,-118.3956,26833.0,1,22.0,8.96,1.0,0.0,0.0,False,False,False,False,False,22.75,13.0,29.75,17.5,-42.8571,-41.1765,1.6807
zzz-222@5xq-49b-4jv,Nichloas Canyon County Beach,Malibu,34.0443,-118.918,189134.0,1,1001.0,31.96,1.0,0.0,0.0,False,False,False,False,False,1621.25,1546.25,1657.25,1622.0,-4.6261,-2.127,2.499
zzz-222@5z4-z72-h89,Santa Ynez Canyon Park,Los Angeles,34.0607,-118.554,1367229.0,1,195.0,11.98,0.0,0.0,0.0,False,False,False,False,False,207.75,202.75,216.0,216.25,-2.4067,0.1157,2.5225
zzz-222@5z5-3mb-2rk,Bell Gardens Veterans Park,Bell Gardens,33.9679,-118.1456,63668.0,2,430.0,4.19,0.0,1.0,0.0,False,True,True,False,False,881.0,978.25,864.0,981.5,11.0386,13.5995,2.5609
zzz-222@5z4-zvw-tn5,Veterans Park,Culver City,34.012,-118.4024,45453.0,2,606.0,2.74,0.0,0.0,0.0,False,True,True,False,False,968.25,1016.0,962.25,1034.75,4.9316,7.5344,2.6028
zzy-222@5z6-3m9-dqf,Splash La Mirada Regional Aquatic Center,La Mirada,33.9058,-118.0087,73408.0,1,6521.5,4.73,0.0,1.0,0.0,False,False,False,False,False,8653.5,12107.5,7791.5,11112.25,39.9145,42.6202,2.7057
zzz-222@5z5-3jk-r49,George E Elder Park,Monterey Park,34.0406,-118.1254,56361.0,1,566.5,6.11,1.0,0.0,0.0,False,False,False,False,False,1497.5,1438.0,1568.5,1548.75,-3.9733,-1.2592,2.7141
zzy-222@5z6-43g-t5f,Alamitos Bay Marina,Long Beach,33.7504,-118.1106,1572580.0,5,620.0,10.43,0.4,0.0,0.2,False,True,True,False,False,708.0,711.75,645.0,666.0,0.5297,3.2558,2.7262
zzy-222@5z4-zr9-y7q,Legacy Park,Malibu,34.0355,-118.6894,68056.0,8,4957.5,18.92,0.125,0.125,0.0,False,True,True,False,False,5568.75,5587.5,5330.5,5496.25,0.3367,3.1095,2.7728
zzw-224@5z6-3jk-g8v,Veterans Park,Redondo Beach,33.8377,-118.3882,32431.0,1,17525.0,10.5,1.0,0.0,0.0,False,False,False,False,False,19960.75,25888.25,20225.25,26828.0,29.6958,32.6461,2.9503
zzy-226@5z4-vv5-hwk,Central Park,Santa Clarita,34.429,-118.5225,1035283.0,2,545.0,12.07,0.5,0.0,0.5,False,True,False,False,False,753.75,611.5,784.25,660.0,-18.8723,-15.8432,3.0291
zzz-222@5z4-zbd-6x5,Juan Bautista De Anza Park,Calabasas,34.1266,-118.7079,43120.0,1,125.0,19.08,0.0,0.0,0.0,False,False,False,False,False,139.5,145.25,136.25,146.25,4.1219,7.3394,3.2176
24b-222@5z4-zwm-z2k,Venice Beach,Los Angeles,33.9832,-118.4705,646110.0,4,21290.5,6.11,0.25,0.0,0.5,False,True,False,False,False,27983.25,35646.5,27030.25,35425.5,27.3851,31.0587,3.6736
zzz-222@5z5-3mn-nt9,Bristow Park,Commerce,34.0133,-118.1682,45915.0,2,844.5,3.12,0.0,0.0,0.0,False,True,True,False,False,849.25,743.75,920.5,841.75,-12.4227,-8.5551,3.8676
zzz-222@5z5-3m7-zcq,Veterans Memorial Park,Commerce,33.9725,-118.1261,39371.0,1,309.0,4.43,1.0,0.0,0.0,False,False,False,False,False,1609.25,1847.5,1664.0,1975.5,14.805,18.72,3.9149
zzy-222@5z5-3jn-dqf,Whittier Narrows Reservoir,Montebello,34.0346,-118.0508,9829151.0,26,17464.5,4.79,0.1111,0.0741,0.0741,False,True,True,False,False,28762.0,28261.25,28754.0,29422.0,-1.741,2.3232,4.0642
zzz-222@5z6-3ks-nyv,Independence Park,Downey,33.9193,-118.1234,37448.0,3,6745.5,4.15,0.3333,0.0,0.3333,False,True,True,False,False,6841.75,7557.5,6562.0,7516.25,10.4615,14.5421,4.0806
zzz-222@5z6-3q9-92k,Martin Luther King Jr Park,Los Angeles,34.0135,-118.3081,26433.0,3,489.0,3.59,0.6667,0.0,0.6667,False,True,False,False,False,689.75,551.5,639.5,537.5,-20.0435,-15.95,4.0935
zzz-222@5z4-vgw-yvz,Marie Kerr Park,Palmdale,34.6037,-118.1787,311451.0,1,203.0,26.78,1.0,0.0,0.0,False,False,False,False,False,230.75,272.25,228.0,280.25,17.9848,22.9167,4.9318
zzz-222@5z4-z7y-syv,Westlake Village Community Park And Ymca,Westlake Village,34.1585,-118.8003,124516.0,7,351.0,22.85,1.0,0.0,1.0,False,False,False,False,False,373.25,304.0,382.0,330.0,-18.5532,-13.6126,4.9407
zzz-222@5z4-zcy-b49,Victory-Vineland Recreation Center,Los Angeles,34.1872,-118.3729,26231.0,1,111.0,6.69,1.0,0.0,0.0,False,False,False,False,False,129.75,145.75,127.25,149.25,12.3314,17.2888,4.9574
zzz-222@5z5-3ph-xnq,George Izay Park,Burbank,34.1713,-118.3202,63525.0,2,208.0,8.22,1.0,0.0,1.0,False,False,False,False,False,289.25,285.25,272.5,283.75,-1.3829,4.1284,5.5113
zzz-222@5z5-3mh-nbk,Furman Park,Downey,33.9533,-118.1376,58309.0,1,1231.0,5.03,1.0,0.0,0.0,False,False,False,False,False,774.25,959.75,896.75,1163.0,23.9587,29.6905,5.7319
zzz-222@5z4-ztz-fs5,Admiralty Park,Marina Del Rey,33.9839,-118.4455,30424.0,3,736.0,4.68,0.0,0.0,0.0,False,True,True,False,False,672.25,646.5,674.5,689.75,-3.8304,2.2609,6.0914
zzz-222@5z4-zvt-hdv,Stoneview Park,Culver City,34.0143,-118.3775,20257.0,1,186.5,1.96,0.0,0.0,0.0,False,False,False,False,False,514.0,468.5,503.0,491.0,-8.8521,-2.3857,6.4665
zzz-222@5z5-38w-wrk,Two Strike Park,La Crescenta Montrose,34.2334,-118.2363,33150.0,1,25.0,10.43,1.0,0.0,0.0,False,False,False,False,False,42.25,28.5,47.25,35.0,-32.5444,-25.9259,6.6185
zzz-222@5z4-rg3-f2k,Woodgrove Open Space,West Covina,34.0371,-117.9152,109312.0,2,2946.0,9.15,0.0,0.0,0.0,False,True,True,False,False,3553.25,3772.0,3458.0,3985.75,6.1563,15.2617,9.1054
zzz-222@5z5-3n4-h3q,Sorensen Park,West Whittier Los Nietos,33.9794,-118.0611,46313.0,1,389.5,1.19,1.0,0.0,0.0,False,False,False,False,False,471.25,358.75,462.0,394.5,-23.8727,-14.6104,9.2623
zzz-222@5z4-xgw-fzz,Antelope Valley Indian Museum State Historic Park,Lancaster,34.65,-117.8497,653793.0,2,221.0,41.85,1.0,0.0,0.0,False,True,True,False,False,581.5,554.25,577.25,604.75,-4.6862,4.764,9.4501
zzz-222@5z5-34n-qcq,Memorial Park,Pasadena,34.1479,-118.1486,22504.0,5,3147.5,6.25,0.2,0.0,0.2,True,False,False,False,False,3256.25,2833.75,3406.75,3354.75,-12.975,-1.5264,11.4487
zzz-222@5z4-zxf-r49,Ladera Park,View Park Windsor Hills,33.9861,-118.3596,57864.0,1,547.0,0.29,0.0,0.0,0.0,False,False,False,False,False,519.5,433.5,538.75,514.5,-16.5544,-4.5012,12.0532
zzz-222@5z5-35h-7wk,Vina Vieja Park,Pasadena,34.1573,-118.0863,35872.0,3,4822.0,9.43,0.0,0.0,0.3333,False,True,True,False,False,5694.0,5908.5,5385.75,6268.5,3.7671,16.3905,12.6234
zzz-222@5z5-383-3qz,Stough Canyon Nature Center,Burbank,34.2174,-118.3057,878094.0,1,36.0,7.86,0.0,0.0,0.0,False,False,False,False,False,75.0,41.0,77.0,52.5,-45.3333,-31.8182,13.5152
zzz-222@5z5-3pt-kxq,Hermon Park,Los Angeles,34.1056,-118.1868,95152.0,1,72.0,2.66,0.0,0.0,0.0,False,False,False,False,False,184.75,161.5,174.75,178.25,-12.5846,2.0029,14.5874
zzz-222@5z4-z5w-yjv,Mulholland Gateway Park,Los Angeles,34.137,-118.5748,3545608.0,1,1488.0,12.73,0.0,0.0,1.0,False,False,False,False,False,1395.75,1376.25,1551.0,1784.75,-1.3971,15.0709,16.468
zzz-222@5z5-3nd-kvf,William Penn Park,Whittier,33.9745,-118.0239,22788.0,1,49.0,1.59,0.0,1.0,0.0,False,False,False,False,False,152.0,151.75,133.0,157.75,-0.1645,18.609,18.7735
zzw-222@5z5-3t6-wx5,South Hills Wilderness Park,Glendora,34.1251,-117.8557,1067274.0,90,3639.0,15.65,0.4,0.0222,0.0444,False,True,True,False,False,32642.0,26310.5,19862.5,19933.75,-19.3968,0.3587,19.7555
zzz-222@5z6-3cf-7nq,Signal Hill Park,Signal Hill,33.796,-118.1691,37295.0,4,428.5,6.43,0.75,0.0,0.25,False,False,False,False,False,511.0,402.5,438.25,432.5,-21.2329,-1.312,19.9208
zzz-222@5z4-xtc-8gk,Palmdale Oasis Park,Palmdale,34.5565,-118.0608,116958.0,4,1784.0,28.52,0.25,0.25,0.75,False,True,False,False,False,3876.5,7169.5,3009.25,6316.5,84.9478,109.9028,24.955
zzz-222@5z4-zd7-4n5,North Hollywood Park,North Hollywood,34.1674,-118.3801,198827.0,2,3346.5,7.79,0.0,0.0,1.0,False,True,False,False,False,7143.75,5689.5,6911.25,7306.25,-20.357,5.7153,26.0723
zzz-222@5z5-3st-qvf,Monrovia Wilderness Preserve,Arcadia,34.1727,-118.0066,4818878.0,1,36.5,13.92,0.0,0.0,0.0,False,False,False,False,False,71.5,33.3333,71.0,52.5,-53.38,-26.0563,27.3236
zzy-223@5z4-rnw-dgk,Frank G Bonelli Regional Park,La Verne,34.0829,-117.7996,7344356.0,6,17176.5,16.45,0.3333,0.3333,0.0,False,True,True,False,False,26828.25,41439.75,20499.0,38380.0,54.4631,87.2286,32.7655
zzz-222@5z4-zjk-pjv,Warner Ranch Park,Los Angeles,34.1762,-118.6035,67495.0,1,325.0,12.2,0.0,0.0,1.0,False,False,False,False,False,580.75,655.75,500.0,733.5,12.9143,46.7,33.7857
zzz-222@5z6-3km-2ff,Cerritos Regional County Park,Cerritos,33.8508,-118.0606,225787.0,1,245.0,7.6,0.0,0.0,0.0,False,False,False,False,False,198.75,265.75,163.0,286.25,33.7107,75.6135,41.9028
zzz-222@5z6-3n3-s89,El Dorado East Regional Park,Long Beach,33.8133,-118.0892,1575988.0,1,18.0,7.56,0.0,0.0,0.0,False,False,False,False,False,19.5,25.0,12.0,20.5,28.2051,70.8333,42.6282
zzz-222@5z5-3k9-xbk,Garvey Ranch Park,Monterey Park,34.0534,-118.1133,73914.0,1,102.0,6.67,1.0,0.0,0.0,False,False,False,False,False,100.75,88.5,94.75,125.5,-12.1588,32.4538,44.6126
zzy-226@5z6-3ch-jn5,Pike Park,Long Beach,33.7656,-118.1911,80892.0,8,39082.0,8.47,0.125,0.0,0.75,False,True,False,False,False,53268.25,81316.0,50752.5,102956.5,52.6538,102.86,50.2062
222-223@5z5-3q3-v4v,Rio De Los Angeles State Park,Los Angeles,34.0987,-118.2359,256222.0,4,13895.5,1.29,0.0,0.0,0.0,False,True,True,False,False,11742.0,10540.0,9747.75,13729.5,-10.2368,40.8479,51.0846
zzz-222@5z5-382-mtv,City Of Burbank Open Space Mountain Reserve,Burbank,34.2163,-118.3184,4790917.0,1,260.0,7.28,0.0,0.0,0.0,False,False,False,False,False,499.0,398.6667,255.5,530.0,-20.1069,107.4364,127.5433
zzw-222@5z4-n33-nqz,San Dimas Canyon Community Regional Park,San Dimas,34.1314,-117.795,517658.0,1,159.5,18.54,0.0,0.0,0.0,False,False,False,False,False,422.5,395.3333,148.0,483.6667,-6.43,226.8018,233.2318
zzz-222@5z5-32w-wc5,Eaton Canyon Park And Nature Center,Altadena,34.1821,-118.0952,785151.0,1,673.5,10.08,0.0,0.0,0.0,False,False,False,False,False,4836.0,3755.0,,,-22.3532,,
zzz-222@5z4-zvg-w8v,Palisades Recreation Center,Pacific Palisades,34.0422,-118.5246,70993.0,1,145.0,9.92,0.0,0.0,0.0,False,False,False,False,False,85.0,78.75,,,-7.3529,,
zzz-222@5z6-3cc-qj9,Admiral Issac C Kidd Park,Long Beach,33.7958,-118.2166,49900.0,1,160.0,6.63,1.0,0.0,1.0,False,False,False,False,False,,12.0,12.0,12.0,,0.0,
zzz-222@5z4-rnr-9pv,Pantera Park,Diamond Bar,34.0128,-117.7905,96459.0,1,96.0,15.19,0.0,0.0,0.0,False,False,False,False,False,340.5,,,,,,
zzy-222@5z5-38b-wkz,Brand Park,Glendale,34.1829,-118.2781,123781.0,1,28.0,7.57,1.0,0.0,0.0,False,False,False,False,False,532.75,,565.25,,,,
zzz-222@5z6-3dx-8d9,Miraleste Open Space,Rancho Palos Verdes,33.7447,-118.3227,176808.0,1,152.0,12.67,0.0,0.0,0.0,False,False,False,False,False,,,,,,,
zzz-222@5z4-zwk-j7q,Ballona Creek Trail And Bike Path,Culver City,34.015,-118.3908,221661.0,2,73.0,2.4,0.0,0.0,0.0,False,False,False,False,False,,13.0,,,,,
zzz-222@5z5-34t-9vf,Story Park,Alhambra,34.1,-118.1252,30207.0,1,101.5,5.79,0.0,0.0,0.0,False,False,False,False,False,,,,,,,
zzz-222@5z6-3hg-x89,Manhattan Parkway,Manhattan Beach,33.8954,-118.4014,88348.0,1,95.0,6.77,1.0,0.0,1.0,False,False,False,False,False,,,12.0,29.5,,145.8333,
zzz-222@5z5-3v8-swk,La Puente Park,La Puente,34.0276,-117.9528,89964.0,1,104.0,7.01,1.0,0.0,1.0,False,False,False,False,False,,,,,,,
zzz-222@5z4-vv4-d5f,Valencia Heritage Park,Santa Clarita,34.4337,-118.559,71105.0,1,48.5,13.43,1.0,0.0,1.0,False,False,False,False,False,13.0,,95.0,,,,
zzz-222@5z6-3nk-vmk,Houghton Park,Long Beach,33.869,-118.1838,106678.0,1,37.0,1.32,1.0,0.0,1.0,False,False,False,False,False,,,,,,,
zzz-222@5z6-3mm-8y9,Wilderness Par,Downey,33.9359,-118.1014,88158.0,1,50.0,3.61,1.0,0.0,1.0,False,False,False,False,False,13.0,39.0,,12.0,200.0,,
22q-224@5z4-zv2-835,Marine Park,Santa Monica,34.0056,-118.4655,28121.0,1,36.0,5.94,1.0,0.0,1.0,False,False,False,False,False,13.0,13.0,24.0,,0.0,,
zzz-222@5z4-rgz-bx5,La Mirada Regional Park,La Mirada,33.9063,-118.006,309581.0,1,36.0,4.78,0.0,0.0,0.0,False,False,False,False,False,13.0,13.0,,,0.0,,
zzz-222@5z6-3hb-xwk,Live Oak Park,Manhattan Beach,33.8896,-118.4104,31192.0,1,37.0,7.33,1.0,0.0,1.0,False,False,False,False,False,13.0,,12.0,,,,
zzz-222@5z6-3pr-7h5,Algin Sutton Recreation Center,Los Angeles,33.9572,-118.2864,66606.0,1,34.5,4.69,1.0,0.0,1.0,False,False,False,False,False,19.5,,,,,,
zzz-222@5z4-vr4-8n5,Canyon Country Park,Santa Clarita,34.4189,-118.4411,71883.0,1,34.0,10.07,1.0,0.0,1.0,False,False,False,False,False,,,24.0,39.0,,62.5,
zzw-222@5z6-3d6-ghq,Cabrillo Beach,San Pedro,33.711,-118.2833,155416.0,1,34.0,13.47,1.0,0.0,1.0,False,False,False,False,False,26.0,13.0,,,-50.0,,
zzz-222@5z4-n3h-ygk,Brodiaea Reserve,Glendora,34.1608,-117.8601,1078850.0,1,24.0,17.31,0.0,0.0,0.0,False,False,False,False,False,,,,,,,
zzz-222@5z6-3mr-zcq,Norwalk Park,Norwalk,33.9094,-118.0711,62743.0,1,28.0,4.06,1.0,0.0,0.0,False,False,False,False,False,,,,47.0,,,
zzz-222@5z6-3kb-bc5,John S Simms Park,Bellflower,33.8834,-118.1317,50815.0,1,24.0,3.09,1.0,0.0,1.0,False,False,False,False,False,,,,,,,
zzz-222@5z4-n34-y7q,Marshall Canyon Conservation Corridor,La Verne,34.132,-117.7653,745144.0,1,24.0,19.93,1.0,0.0,0.0,False,False,False,False,False,,12.5,12.0,12.0,,0.0,
zzz-222@5z6-3d6-w6k,Averill Park,Los Angeles,33.7326,-118.3104,43487.0,1,20.0,12.93,1.0,0.0,1.0,False,False,False,False,False,,,,,,,
